﻿Designator,Footprint,Quantity,Value,LCSC Part #
"C1, C10, C14, C18, C2, C4, C7",CP_EIA-3216-12_Kemet-S_Pad1.58x1.35mm_HandSolder,7,10uF,C7171
"C11, C12",0805,2,2.2uF,C377773
"C13, C15, C3, C5, C8, C9",0805,6,100nF,C28233
"C16, C17",0805,2,2.2nF,C36576
C6,0805,1,10nF,C1710
D1,D_SOD-123F,1,1N4148,C81598
"D10, D11, D12, D2, D3, D4, D5, D6, D7, D9",SOT-23,10,BAT54S,C916425
D13,1206,1,LED,C434438
IC1,RP2040-Breakout_swd,1,RP2040_breakout,
J1,PinHeader_1x06_P2.54mm_Vertical,1,Conn_01x06,
"J10, J11",pj307,2,AudioJack3,
J13,DSUB-9_Male_Horizontal_P2.77x2.84mm_EdgePinOffset9.90mm_Housed_MountingHolesOffset11.32mm,1,Joy,
J14,CUI_RCJ-013,1,Video Out,
J15,DSUB-15-HD_Female_Horizontal_P2.29x1.98mm_EdgePinOffset3.03mm_Housed_MountingHolesOffset4.94mm,1,DB15_Female_HighDensity,
J2,PinHeader_2x12_P2.54mm_Vertical,1,Conn_02x12_Odd_Even,
"J3, J4",Connector_Mini-DIN_Female_6Pin_2rows,2,Mini-DIN-6,
J5,PinHeader_1x05_P2.54mm_Vertical,1,Conn_01x05,
J6,microSD_HC_Molex_104031-0811,1,Micro_SD_Card,C585350
J7,USB_Mini-B_Wuerth_65100516121_Horizontal,1,USB_B_Mini,
"Q1, Q2",SOT-23,2,BC846,C779722
"R1, R17, R3, R5, R7",1206,5,10K,C1489
"R10, R11, R21, R22, R27, R31, R35, R41, R42, R43, R44, R6, R8, R9",1206,14,510,C25386
"R12, R13",1206,2,470,C4502
R16,1206,1,810,
R18,1206,1,4K7,C17936
R19,1206,1,2K2,C17948
R20,1206,1,1K2,C17891
R24,1206,1,33,C18005
R25,1206,1,100,C17901
R26,1206,1,51,C25387
"R28, R32, R36, R4, R45",1206,5,1K,C4410
"R29, R33, R37",1206,3,2K,C17944
"R30, R34, R38",1206,3,3K9,C26042
"R39, R40",1206,2,270,C25366
SW1,SW_PUSH_x2,1,SWDPDTBLUE,
SW2,SW_PUSH_6mm_H4.3mm,1,SW_Push,
U1,SOT-223-3_TabPin2,1,AMS1117-3.3,C6186
U2,TSSOP-20_4.4x6.5mm_P0.65mm,1,PCM5102,C1520792
U3,cyc1000,1,CYC1000,
